data.omega,data.n_orbits,data.n_steps,data.r_bounds,potential.name,model.class,model.input_dim,model.n_layers,model.layer_class,model.conditioner.class,model.conditioner.args.num_layers,model.conditioner.args.projection_dims,model.conditioner.args.activation,model.conditioner.args.include_bias,optimizer.class,scheduler.class,scheduler.mode,scheduler.patience,scheduler.factor,scheduler.threshold,scheduler.threshold_mode,training.steps,training.lr,training.loss,training.update_frequency,eval.n_orbits,eval.n_steps,eval.r_bounds,device,dtype,seed,_name,final_loss,best_loss,tail_mean_loss,tail_std_loss,eval_mean_error_mean,eval_mean_error_max,eval_max_error_mean,eval_max_error_max,wall_time_s,steps_per_sec,peak_gpu_mb,timestamp,git_sha,git_dirty,hostname,platform,python_version,torch_version,gpu_name,cuda_version,run_id,model.n_steps
1.5,16,64,[0.15 0.75],MWPotential2014_1D,HamiltonianMappingModel,2,10,SymplecticCouplingLayer,SimpleNNConditioner,5,64,ReLU,True,Adam,ReduceLROnPlateau,min,50,0.9,1e-07,rel,2000,0.001,scaled_H_std,50,100,1000,[0.15 0.75],cuda,float32,0,scaling_train_size,0.09131744503974915,0.08092524111270905,0.09790860462933779,0.004046343266963959,0.004311113618314266,0.00778807932510972,0.020619956776499748,0.029215559363365173,109.54668850003509,18.257055757549068,69.39892578125,2026-04-28T21:04:41+00:00,ae8a5b7,True,geir,Linux-6.8.0-110-generic-x86_64-with-glibc2.39,3.12.8,2.3.1+cu121,NVIDIA TITAN Xp,12.1,46bd4b4e1e,
1.5,16,128,[0.15 0.75],MWPotential2014_1D,HamiltonianMappingModel,2,10,SymplecticCouplingLayer,SimpleNNConditioner,5,64,ReLU,True,Adam,ReduceLROnPlateau,min,50,0.9,1e-07,rel,2000,0.001,scaled_H_std,50,100,1000,[0.15 0.75],cuda,float32,0,scaling_train_size,0.08766350150108337,0.08766350150108337,0.08913007784634829,0.0007582922698929906,0.00427199387922883,0.010296707972884178,0.013597273267805576,0.02450483664870262,109.71892461797688,18.228395939567115,70.43017578125,2026-04-28T21:06:31+00:00,ae8a5b7,True,geir,Linux-6.8.0-110-generic-x86_64-with-glibc2.39,3.12.8,2.3.1+cu121,NVIDIA TITAN Xp,12.1,36be2d27a0,
1.5,16,256,[0.15 0.75],MWPotential2014_1D,HamiltonianMappingModel,2,10,SymplecticCouplingLayer,SimpleNNConditioner,5,64,ReLU,True,Adam,ReduceLROnPlateau,min,50,0.9,1e-07,rel,2000,0.001,scaled_H_std,50,100,1000,[0.15 0.75],cuda,float32,0,scaling_train_size,0.038735292851924896,0.038735292851924896,0.03916361661627889,0.00025298885884694755,0.0017966191517189145,0.003752747317776084,0.007203540299087763,0.012896925210952759,107.1413260929985,18.66693341338713,71.47705078125,2026-04-28T21:08:19+00:00,ae8a5b7,True,geir,Linux-6.8.0-110-generic-x86_64-with-glibc2.39,3.12.8,2.3.1+cu121,NVIDIA TITAN Xp,12.1,91da70a5ab,
1.5,16,512,[0.15 0.75],MWPotential2014_1D,HamiltonianMappingModel,2,10,SymplecticCouplingLayer,SimpleNNConditioner,5,64,ReLU,True,Adam,ReduceLROnPlateau,min,50,0.9,1e-07,rel,2000,0.001,scaled_H_std,50,100,1000,[0.15 0.75],cuda,float32,0,scaling_train_size,0.09599657356739044,0.09594237059354782,0.09945959005504847,0.0014673485420644283,0.005281962454319,0.01007513515651226,0.01255717221647501,0.019921960309147835,113.55244162399322,17.613007447454194,104.96337890625,2026-04-28T21:10:12+00:00,ae8a5b7,True,geir,Linux-6.8.0-110-generic-x86_64-with-glibc2.39,3.12.8,2.3.1+cu121,NVIDIA TITAN Xp,12.1,9cc5af07b2,
1.5,16,1028,[0.15 0.75],MWPotential2014_1D,HamiltonianMappingModel,2,10,SymplecticCouplingLayer,SimpleNNConditioner,5,64,ReLU,True,Adam,ReduceLROnPlateau,min,50,0.9,1e-07,rel,2000,0.001,scaled_H_std,50,100,1000,[0.15 0.75],cuda,float32,0,scaling_train_size,0.07576712965965271,0.0753946602344513,0.07665771622210742,0.0006593114812858403,0.003473635297268629,0.006908114533871412,0.013507296331226826,0.026804883033037186,111.62124688300537,17.91773569861909,191.802734375,2026-04-28T21:12:04+00:00,ae8a5b7,True,geir,Linux-6.8.0-110-generic-x86_64-with-glibc2.39,3.12.8,2.3.1+cu121,NVIDIA TITAN Xp,12.1,3557150e5b,
1.5,16,2056,[0.15 0.75],MWPotential2014_1D,HamiltonianMappingModel,2,10,SymplecticCouplingLayer,SimpleNNConditioner,5,64,ReLU,True,Adam,ReduceLROnPlateau,min,50,0.9,1e-07,rel,2000,0.001,scaled_H_std,50,100,1000,[0.15 0.75],cuda,float32,0,scaling_train_size,0.06879815459251404,0.0682910829782486,0.06967179104685783,0.0009774862555786967,0.0032205532770603895,0.0039701820351183414,0.016840698197484016,0.02782529965043068,113.55484293500194,17.612634990343714,363.7939453125,2026-04-28T21:13:58+00:00,ae8a5b7,True,geir,Linux-6.8.0-110-generic-x86_64-with-glibc2.39,3.12.8,2.3.1+cu121,NVIDIA TITAN Xp,12.1,66131a0423,
1.5,32,64,[0.15 0.75],MWPotential2014_1D,HamiltonianMappingModel,2,10,SymplecticCouplingLayer,SimpleNNConditioner,5,64,ReLU,True,Adam,ReduceLROnPlateau,min,50,0.9,1e-07,rel,2000,0.001,scaled_H_std,50,100,1000,[0.15 0.75],cuda,float32,0,scaling_train_size,0.2009710967540741,0.1947203427553177,0.20213357254862785,0.002075752941891551,0.00484656123444438,0.010588688775897026,0.018641814589500427,0.035942938178777695,103.00157473399304,19.417178865130023,72.46142578125,2026-04-28T21:15:41+00:00,ae8a5b7,True,geir,Linux-6.8.0-110-generic-x86_64-with-glibc2.39,3.12.8,2.3.1+cu121,NVIDIA TITAN Xp,12.1,3ccdc84422,
1.5,32,128,[0.15 0.75],MWPotential2014_1D,HamiltonianMappingModel,2,10,SymplecticCouplingLayer,SimpleNNConditioner,5,64,ReLU,True,Adam,ReduceLROnPlateau,min,50,0.9,1e-07,rel,2000,0.001,scaled_H_std,50,100,1000,[0.15 0.75],cuda,float32,0,scaling_train_size,0.0627293586730957,0.06225471943616867,0.06322654377669096,0.0008564708987250924,0.0014765736414119601,0.0032737453002482653,0.006023019086569548,0.013018451631069183,103.11876093799947,19.395112798169745,73.50830078125,2026-04-28T21:17:24+00:00,ae8a5b7,True,geir,Linux-6.8.0-110-generic-x86_64-with-glibc2.39,3.12.8,2.3.1+cu121,NVIDIA TITAN Xp,12.1,10e5f423d6,
1.5,32,256,[0.15 0.75],MWPotential2014_1D,HamiltonianMappingModel,2,10,SymplecticCouplingLayer,SimpleNNConditioner,5,64,ReLU,True,Adam,ReduceLROnPlateau,min,50,0.9,1e-07,rel,2000,0.001,scaled_H_std,50,100,1000,[0.15 0.75],cuda,float32,0,scaling_train_size,0.11980672180652618,0.11840182542800903,0.12806784741580488,0.007145972922444344,0.002546747447922826,0.006134180352091789,0.015768196433782578,0.024718934670090675,106.06436204700731,18.856475081739593,106.99462890625,2026-04-28T21:19:10+00:00,ae8a5b7,True,geir,Linux-6.8.0-110-generic-x86_64-with-glibc2.39,3.12.8,2.3.1+cu121,NVIDIA TITAN Xp,12.1,206f9c0362,
1.5,32,512,[0.15 0.75],MWPotential2014_1D,HamiltonianMappingModel,2,10,SymplecticCouplingLayer,SimpleNNConditioner,5,64,ReLU,True,Adam,ReduceLROnPlateau,min,50,0.9,1e-07,rel,2000,0.001,scaled_H_std,50,100,1000,[0.15 0.75],cuda,float32,0,scaling_train_size,0.0906195342540741,0.08980169892311096,0.09112045753747225,0.000933829927816987,0.0022128266282379627,0.006495755631476641,0.007036011666059494,0.014721119776368141,108.58723527798429,18.41837113616515,193.16650390625,2026-04-28T21:20:59+00:00,ae8a5b7,True,geir,Linux-6.8.0-110-generic-x86_64-with-glibc2.39,3.12.8,2.3.1+cu121,NVIDIA TITAN Xp,12.1,e5ab42ca78,
1.5,32,1028,[0.15 0.75],MWPotential2014_1D,HamiltonianMappingModel,2,10,SymplecticCouplingLayer,SimpleNNConditioner,5,64,ReLU,True,Adam,ReduceLROnPlateau,min,50,0.9,1e-07,rel,2000,0.001,scaled_H_std,50,100,1000,[0.15 0.75],cuda,float32,0,scaling_train_size,0.17726510763168335,0.1690724492073059,0.17595168218016624,0.003020749194547534,0.00422761682420969,0.008766287006437778,0.01535588689148426,0.021320778876543045,115.96367892099079,17.246779496903116,365.8251953125,2026-04-28T21:22:55+00:00,ae8a5b7,True,geir,Linux-6.8.0-110-generic-x86_64-with-glibc2.39,3.12.8,2.3.1+cu121,NVIDIA TITAN Xp,12.1,c781588058,
1.5,32,2056,[0.15 0.75],MWPotential2014_1D,HamiltonianMappingModel,2,10,SymplecticCouplingLayer,SimpleNNConditioner,5,64,ReLU,True,Adam,ReduceLROnPlateau,min,50,0.9,1e-07,rel,2000,0.001,scaled_H_std,50,100,1000,[0.15 0.75],cuda,float32,0,scaling_train_size,0.11390307545661926,0.11364187300205231,0.11732270050793886,0.002185424789786339,0.0026750080287456512,0.0062122950330376625,0.01028941385447979,0.02061881311237812,136.68068548600422,14.632645372595789,706.76513671875,2026-04-28T21:25:12+00:00,ae8a5b7,True,geir,Linux-6.8.0-110-generic-x86_64-with-glibc2.39,3.12.8,2.3.1+cu121,NVIDIA TITAN Xp,12.1,756ba220b3,
1.5,64,64,[0.15 0.75],MWPotential2014_1D,HamiltonianMappingModel,2,10,SymplecticCouplingLayer,SimpleNNConditioner,5,64,ReLU,True,Adam,ReduceLROnPlateau,min,50,0.9,1e-07,rel,2000,0.001,scaled_H_std,50,100,1000,[0.15 0.75],cuda,float32,0,scaling_train_size,0.13289692997932434,0.12733721733093262,0.1477826002240181,0.011326437816023827,0.0017117878887802362,0.005058095324784517,0.007862454280257225,0.02001068741083145,105.0869330909918,19.031861918248737,75.53955078125,2026-04-28T21:26:57+00:00,ae8a5b7,True,geir,Linux-6.8.0-110-generic-x86_64-with-glibc2.39,3.12.8,2.3.1+cu121,NVIDIA TITAN Xp,12.1,00d4011947,
1.5,64,128,[0.15 0.75],MWPotential2014_1D,HamiltonianMappingModel,2,10,SymplecticCouplingLayer,SimpleNNConditioner,5,64,ReLU,True,Adam,ReduceLROnPlateau,min,50,0.9,1e-07,rel,2000,0.001,scaled_H_std,50,100,1000,[0.15 0.75],cuda,float32,0,scaling_train_size,0.11936523765325546,0.11936523765325546,0.12256280805915594,0.001981034642085433,0.0014164673630148172,0.0038690671790391207,0.005993744358420372,0.014903583563864231,111.21688384603476,17.98288111334551,102.93212890625,2026-04-28T21:28:49+00:00,ae8a5b7,True,geir,Linux-6.8.0-110-generic-x86_64-with-glibc2.39,3.12.8,2.3.1+cu121,NVIDIA TITAN Xp,12.1,9e7bc65df2,
1.5,64,256,[0.15 0.75],MWPotential2014_1D,HamiltonianMappingModel,2,10,SymplecticCouplingLayer,SimpleNNConditioner,5,64,ReLU,True,Adam,ReduceLROnPlateau,min,50,0.9,1e-07,rel,2000,0.001,scaled_H_std,50,100,1000,[0.15 0.75],cuda,float32,0,scaling_train_size,0.1431012749671936,0.14072352647781372,0.1428758917748928,0.0016144824912771583,0.001699461485259235,0.004441221244633198,0.007126407232135534,0.01824059896171093,114.29814597399672,17.498096604777892,189.10400390625,2026-04-28T21:30:43+00:00,ae8a5b7,True,geir,Linux-6.8.0-110-generic-x86_64-with-glibc2.39,3.12.8,2.3.1+cu121,NVIDIA TITAN Xp,12.1,d9407ee0d3,
1.5,64,512,[0.15 0.75],MWPotential2014_1D,HamiltonianMappingModel,2,10,SymplecticCouplingLayer,SimpleNNConditioner,5,64,ReLU,True,Adam,ReduceLROnPlateau,min,50,0.9,1e-07,rel,2000,0.001,scaled_H_std,50,100,1000,[0.15 0.75],cuda,float32,0,scaling_train_size,0.27246230840682983,0.2380562126636505,0.31027338430285456,0.0312991738319397,0.003193807788193226,0.007837195880711079,0.011387682519853115,0.02519918791949749,79.27506814204389,25.22861281451603,359.41650390625,2026-04-28T21:32:03+00:00,ae8a5b7,True,geir,Linux-6.8.0-110-generic-x86_64-with-glibc2.39,3.12.8,2.3.1+cu121,NVIDIA TITAN Xp,12.1,6d30a1c70a,
1.5,64,1028,[0.15 0.75],MWPotential2014_1D,HamiltonianMappingModel,2,10,SymplecticCouplingLayer,SimpleNNConditioner,5,64,ReLU,True,Adam,ReduceLROnPlateau,min,50,0.9,1e-07,rel,2000,0.001,scaled_H_std,50,100,1000,[0.15 0.75],cuda,float32,0,scaling_train_size,0.20212645828723907,0.20212645828723907,0.20877854526042938,0.005854552611708641,0.002374452305957675,0.007199350744485855,0.008996253833174706,0.024671219289302826,134.5204689509701,14.867625838629497,703.71826171875,2026-04-28T21:34:17+00:00,ae8a5b7,True,geir,Linux-6.8.0-110-generic-x86_64-with-glibc2.39,3.12.8,2.3.1+cu121,NVIDIA TITAN Xp,12.1,014ad42e16,
1.5,64,2056,[0.15 0.75],MWPotential2014_1D,HamiltonianMappingModel,2,10,SymplecticCouplingLayer,SimpleNNConditioner,5,64,ReLU,True,Adam,ReduceLROnPlateau,min,50,0.9,1e-07,rel,2000,0.001,scaled_H_std,50,100,1000,[0.15 0.75],cuda,float32,0,scaling_train_size,0.31413888931274414,0.31305211782455444,0.3164318770170212,0.0016253161011263728,0.0038551625330001116,0.008745579980313778,0.012859652750194073,0.03597234562039375,228.3202609710279,8.759625586858386,1398.96533203125,2026-04-28T21:38:06+00:00,ae8a5b7,True,geir,Linux-6.8.0-110-generic-x86_64-with-glibc2.39,3.12.8,2.3.1+cu121,NVIDIA TITAN Xp,12.1,f47e5b9071,
1.5,128,64,[0.15 0.75],MWPotential2014_1D,HamiltonianMappingModel,2,10,SymplecticCouplingLayer,SimpleNNConditioner,5,64,ReLU,True,Adam,ReduceLROnPlateau,min,50,0.9,1e-07,rel,2000,0.001,scaled_H_std,50,100,1000,[0.15 0.75],cuda,float32,0,scaling_train_size,0.2652600407600403,0.2650831341743469,0.2724553160369396,0.004790326580405235,0.0018907857593148947,0.005275582429021597,0.010187732055783272,0.019462527707219124,106.41755302500678,18.79389201450653,104.96337890625,2026-04-28T21:39:52+00:00,ae8a5b7,True,geir,Linux-6.8.0-110-generic-x86_64-with-glibc2.39,3.12.8,2.3.1+cu121,NVIDIA TITAN Xp,12.1,f77d2f52ca,
1.5,128,128,[0.15 0.75],MWPotential2014_1D,HamiltonianMappingModel,2,10,SymplecticCouplingLayer,SimpleNNConditioner,5,64,ReLU,True,Adam,ReduceLROnPlateau,min,50,0.9,1e-07,rel,2000,0.001,scaled_H_std,50,100,1000,[0.15 0.75],cuda,float32,0,scaling_train_size,0.6539294719696045,0.6481720209121704,0.6869478473067283,0.026755161583423615,0.00452018529176712,0.008037696592509747,0.014196407049894333,0.027616199105978012,112.60545703599928,17.761128569111992,191.13525390625,2026-04-28T21:41:45+00:00,ae8a5b7,True,geir,Linux-6.8.0-110-generic-x86_64-with-glibc2.39,3.12.8,2.3.1+cu121,NVIDIA TITAN Xp,12.1,1fce4477c6,
1.5,128,256,[0.15 0.75],MWPotential2014_1D,HamiltonianMappingModel,2,10,SymplecticCouplingLayer,SimpleNNConditioner,5,64,ReLU,True,Adam,ReduceLROnPlateau,min,50,0.9,1e-07,rel,2000,0.001,scaled_H_std,50,100,1000,[0.15 0.75],cuda,float32,0,scaling_train_size,0.25623518228530884,0.2550903558731079,0.26214743554592135,0.003241639118641615,0.0015241027576848865,0.004854108206927776,0.006301023531705141,0.014903275296092033,112.50619459501468,17.776798932710708,361.44775390625,2026-04-28T21:43:38+00:00,ae8a5b7,True,geir,Linux-6.8.0-110-generic-x86_64-with-glibc2.39,3.12.8,2.3.1+cu121,NVIDIA TITAN Xp,12.1,b99b658a26,
1.5,128,512,[0.15 0.75],MWPotential2014_1D,HamiltonianMappingModel,2,10,SymplecticCouplingLayer,SimpleNNConditioner,5,64,ReLU,True,Adam,ReduceLROnPlateau,min,50,0.9,1e-07,rel,2000,0.001,scaled_H_std,50,100,1000,[0.15 0.75],cuda,float32,0,scaling_train_size,0.5241990089416504,0.5209876298904419,0.5279056742787361,0.005013600457459688,0.003122747177258134,0.014283543452620506,0.012640336528420448,0.02994929440319538,149.0098219740321,13.421934027600809,703.08837890625,2026-04-28T21:46:07+00:00,ae8a5b7,True,geir,Linux-6.8.0-110-generic-x86_64-with-glibc2.39,3.12.8,2.3.1+cu121,NVIDIA TITAN Xp,12.1,11a88f6236,
1.5,128,1028,[0.15 0.75],MWPotential2014_1D,HamiltonianMappingModel,2,10,SymplecticCouplingLayer,SimpleNNConditioner,5,64,ReLU,True,Adam,ReduceLROnPlateau,min,50,0.9,1e-07,rel,2000,0.001,scaled_H_std,50,100,1000,[0.15 0.75],cuda,float32,0,scaling_train_size,0.5445077419281006,0.5306383371353149,0.5715322837233543,0.03534632921218872,0.003283665282651782,0.008018876425921917,0.012717916630208492,0.029319366440176964,228.8371925240499,8.739838039176293,1400.99658203125,2026-04-28T21:49:56+00:00,ae8a5b7,True,geir,Linux-6.8.0-110-generic-x86_64-with-glibc2.39,3.12.8,2.3.1+cu121,NVIDIA TITAN Xp,12.1,cf4dc9b424,
1.5,128,2056,[0.15 0.75],MWPotential2014_1D,HamiltonianMappingModel,2,10,SymplecticCouplingLayer,SimpleNNConditioner,5,64,ReLU,True,Adam,ReduceLROnPlateau,min,50,0.9,1e-07,rel,2000,0.001,scaled_H_std,50,100,1000,[0.15 0.75],cuda,float32,0,scaling_train_size,0.5487359762191772,0.5473489761352539,0.5673120418190956,0.011271566152572632,0.003167351707816124,0.010326563380658627,0.014544553123414516,0.030700674280524254,404.1476368129952,4.948686613069145,2764.18994140625,2026-04-28T21:56:40+00:00,ae8a5b7,True,geir,Linux-6.8.0-110-generic-x86_64-with-glibc2.39,3.12.8,2.3.1+cu121,NVIDIA TITAN Xp,12.1,1717c23cad,
1.5,256,64,[0.15 0.75],MWPotential2014_1D,HamiltonianMappingModel,2,10,SymplecticCouplingLayer,SimpleNNConditioner,5,64,ReLU,True,Adam,ReduceLROnPlateau,min,50,0.9,1e-07,rel,2000,0.001,scaled_H_std,50,100,1000,[0.15 0.75],cuda,float32,0,scaling_train_size,0.8348851203918457,0.8236634731292725,0.8429360219836235,0.013113590888679028,0.002984957303851843,0.009467599913477898,0.015872150659561157,0.03417741134762764,112.0296107819886,17.852422998166368,193.16650390625,2026-04-28T21:58:32+00:00,ae8a5b7,True,geir,Linux-6.8.0-110-generic-x86_64-with-glibc2.39,3.12.8,2.3.1+cu121,NVIDIA TITAN Xp,12.1,3f22f9650d,
1.5,256,128,[0.15 0.75],MWPotential2014_1D,HamiltonianMappingModel,2,10,SymplecticCouplingLayer,SimpleNNConditioner,5,64,ReLU,True,Adam,ReduceLROnPlateau,min,50,0.9,1e-07,rel,2000,0.001,scaled_H_std,50,100,1000,[0.15 0.75],cuda,float32,0,scaling_train_size,1.4670391082763672,1.4606068134307861,1.4847120261192321,0.012287926860153675,0.0045306021347641945,0.010212854482233524,0.016166890040040016,0.03721577674150467,111.2560681370087,17.976547558170548,362.46337890625,2026-04-28T22:00:24+00:00,ae8a5b7,True,geir,Linux-6.8.0-110-generic-x86_64-with-glibc2.39,3.12.8,2.3.1+cu121,NVIDIA TITAN Xp,12.1,4ec04d1f9e,
1.5,256,256,[0.15 0.75],MWPotential2014_1D,HamiltonianMappingModel,2,10,SymplecticCouplingLayer,SimpleNNConditioner,5,64,ReLU,True,Adam,ReduceLROnPlateau,min,50,0.9,1e-07,rel,2000,0.001,scaled_H_std,50,100,1000,[0.15 0.75],cuda,float32,0,scaling_train_size,1.2886288166046143,1.288086175918579,1.3247681695222855,0.01766902767121792,0.004256273619830608,0.010669756680727005,0.013301225379109383,0.029432566836476326,133.19707037397893,15.015345265361898,704.10400390625,2026-04-28T22:02:37+00:00,ae8a5b7,True,geir,Linux-6.8.0-110-generic-x86_64-with-glibc2.39,3.12.8,2.3.1+cu121,NVIDIA TITAN Xp,12.1,fcee7fe333,
1.5,256,512,[0.15 0.75],MWPotential2014_1D,HamiltonianMappingModel,2,10,SymplecticCouplingLayer,SimpleNNConditioner,5,64,ReLU,True,Adam,ReduceLROnPlateau,min,50,0.9,1e-07,rel,2000,0.001,scaled_H_std,50,100,1000,[0.15 0.75],cuda,float32,0,scaling_train_size,0.6604615449905396,0.6563594341278076,0.6707599231600762,0.009549965150654316,0.0020533751230686903,0.007653618697077036,0.006654583849012852,0.018681474030017853,211.2236870439956,9.4686350190612,1385.35400390625,2026-04-28T22:06:08+00:00,ae8a5b7,True,geir,Linux-6.8.0-110-generic-x86_64-with-glibc2.39,3.12.8,2.3.1+cu121,NVIDIA TITAN Xp,12.1,c8bc45552d,
1.5,256,1028,[0.15 0.75],MWPotential2014_1D,HamiltonianMappingModel,2,10,SymplecticCouplingLayer,SimpleNNConditioner,5,64,ReLU,True,Adam,ReduceLROnPlateau,min,50,0.9,1e-07,rel,2000,0.001,scaled_H_std,50,100,1000,[0.15 0.75],cuda,float32,0,scaling_train_size,1.096218466758728,1.0313470363616943,1.1731287586688994,0.07548876106739044,0.0032703496981412172,0.01068111602216959,0.012986606918275356,0.028686514124274254,428.6183536860044,4.666155760248084,2766.22119140625,2026-04-28T22:13:17+00:00,ae8a5b7,True,geir,Linux-6.8.0-110-generic-x86_64-with-glibc2.39,3.12.8,2.3.1+cu121,NVIDIA TITAN Xp,12.1,bc11fd58ed,
1.5,256,2056,[0.15 0.75],MWPotential2014_1D,HamiltonianMappingModel,2,10,SymplecticCouplingLayer,SimpleNNConditioner,5,64,ReLU,True,Adam,ReduceLROnPlateau,min,50,0.9,1e-07,rel,2000,0.001,scaled_H_std,50,100,1000,[0.15 0.75],cuda,float32,0,scaling_train_size,1.5191516876220703,1.5001587867736816,1.5409727329015732,0.018611952662467957,0.004654785618185997,0.012763947248458862,0.01896711438894272,0.04566236957907677,798.5521471109823,2.5045327437107763,5496.17431640625,2026-04-28T22:26:36+00:00,ae8a5b7,True,geir,Linux-6.8.0-110-generic-x86_64-with-glibc2.39,3.12.8,2.3.1+cu121,NVIDIA TITAN Xp,12.1,d4f7a10580,
1.5,512,64,[0.15 0.75],MWPotential2014_1D,HamiltonianMappingModel,2,10,SymplecticCouplingLayer,SimpleNNConditioner,5,64,ReLU,True,Adam,ReduceLROnPlateau,min,50,0.9,1e-07,rel,2000,0.001,scaled_H_std,50,100,1000,[0.15 0.75],cuda,float32,0,scaling_train_size,1.6893635988235474,1.6893635988235474,1.7203605753183364,0.01692391186952591,0.002723448211327195,0.011390524916350842,0.013811447657644749,0.03147071227431297,112.19129517697729,17.826694993092644,364.49462890625,2026-04-28T22:28:28+00:00,ae8a5b7,True,geir,Linux-6.8.0-110-generic-x86_64-with-glibc2.39,3.12.8,2.3.1+cu121,NVIDIA TITAN Xp,12.1,9e83a9a8a2,
1.5,512,128,[0.15 0.75],MWPotential2014_1D,HamiltonianMappingModel,2,10,SymplecticCouplingLayer,SimpleNNConditioner,5,64,ReLU,True,Adam,ReduceLROnPlateau,min,50,0.9,1e-07,rel,2000,0.001,scaled_H_std,50,100,1000,[0.15 0.75],cuda,float32,0,scaling_train_size,1.8510842323303223,1.8347053527832031,1.8943571507930757,0.05015537142753601,0.0028752388898283243,0.008240855298936367,0.011460487730801105,0.026284020394086838,154.34063224401325,12.958350441625708,705.11962890625,2026-04-28T22:31:03+00:00,ae8a5b7,True,geir,Linux-6.8.0-110-generic-x86_64-with-glibc2.39,3.12.8,2.3.1+cu121,NVIDIA TITAN Xp,12.1,bd13aec964,
1.5,512,256,[0.15 0.75],MWPotential2014_1D,HamiltonianMappingModel,2,10,SymplecticCouplingLayer,SimpleNNConditioner,5,64,ReLU,True,Adam,ReduceLROnPlateau,min,50,0.9,1e-07,rel,2000,0.001,scaled_H_std,50,100,1000,[0.15 0.75],cuda,float32,0,scaling_train_size,0.9246385097503662,0.9183528423309326,0.9319268104434013,0.011393177323043346,0.0013794023543596268,0.004656732082366943,0.0058153001591563225,0.019731834530830383,237.60687432903796,8.417264886159819,1387.38525390625,2026-04-28T22:35:01+00:00,ae8a5b7,True,geir,Linux-6.8.0-110-generic-x86_64-with-glibc2.39,3.12.8,2.3.1+cu121,NVIDIA TITAN Xp,12.1,f4527642ad,
1.5,512,512,[0.15 0.75],MWPotential2014_1D,HamiltonianMappingModel,2,10,SymplecticCouplingLayer,SimpleNNConditioner,5,64,ReLU,True,Adam,ReduceLROnPlateau,min,50,0.9,1e-07,rel,2000,0.001,scaled_H_std,50,100,1000,[0.15 0.75],cuda,float32,0,scaling_train_size,1.2312498092651367,1.2281581163406372,1.263845112323761,0.024313414469361305,0.0018030507490038872,0.005524712149053812,0.008198441937565804,0.0200391486287117,424.32464178599184,4.713372269830844,2749.88525390625,2026-04-28T22:42:05+00:00,ae8a5b7,True,geir,Linux-6.8.0-110-generic-x86_64-with-glibc2.39,3.12.8,2.3.1+cu121,NVIDIA TITAN Xp,12.1,dd62f73393,
1.5,512,1028,[0.15 0.75],MWPotential2014_1D,HamiltonianMappingModel,2,10,SymplecticCouplingLayer,SimpleNNConditioner,5,64,ReLU,True,Adam,ReduceLROnPlateau,min,50,0.9,1e-07,rel,2000,0.001,scaled_H_std,50,100,1000,[0.15 0.75],cuda,float32,0,scaling_train_size,3.004566192626953,2.8580827713012695,3.010769236087799,0.06486279517412186,0.004462723154574633,0.014480814337730408,0.015207294374704361,0.04380198195576668,783.1795570309623,2.553692805238699,5497.18994140625,2026-04-28T22:55:08+00:00,ae8a5b7,True,geir,Linux-6.8.0-110-generic-x86_64-with-glibc2.39,3.12.8,2.3.1+cu121,NVIDIA TITAN Xp,12.1,3215f66c2f,
1.5,512,2056,[0.15 0.75],MWPotential2014_1D,HamiltonianMappingModel,2,10,SymplecticCouplingLayer,SimpleNNConditioner,5,64,ReLU,True,Adam,ReduceLROnPlateau,min,50,0.9,1e-07,rel,2000,0.001,scaled_H_std,50,100,1000,[0.15 0.75],cuda,float32,0,scaling_train_size,2.5747461318969727,2.5747461318969727,3.017739063501358,0.05410758778452873,0.003956030122935772,0.009059838019311428,0.01599111407995224,0.02564712055027485,1507.5781957429717,1.3266310202996474,11010.47900390625,2026-04-28T23:20:16+00:00,ae8a5b7,True,geir,Linux-6.8.0-110-generic-x86_64-with-glibc2.39,3.12.8,2.3.1+cu121,NVIDIA TITAN Xp,12.1,a48ec62983,
1.5,16,64,[0.15 0.75],MWPotential2014_1D,HamiltonianMappingModel,2,10,SymplecticCouplingLayer,SimpleNNConditioner,5,64,ReLU,True,Adam,ReduceLROnPlateau,min,50,0.9,1e-07,rel,20000,0.001,scaled_H_std,50,100,1000,[0.15 0.75],cuda,float32,0,scaling_train_size,0.02363250032067299,0.023614630103111267,0.023948419839143753,0.00017485943681094795,0.001710635726340115,0.003547565545886755,0.012959225103259087,0.016553819179534912,942.5789313160349,21.218382180552105,69.39892578125,2026-04-29T00:02:03+00:00,ae8a5b7,True,geir,Linux-6.8.0-110-generic-x86_64-with-glibc2.39,3.12.8,2.3.1+cu121,NVIDIA TITAN Xp,12.1,a466b71662,
1.5,16,64,[0.15 0.75],MWPotential2014_1D,HamiltonianMappingModel,2,10,SymplecticCouplingLayer,SimpleNNConditioner,5,64,ReLU,True,Adam,ReduceLROnPlateau,min,50,0.9,1e-07,rel,50000,0.001,scaled_H_std,50,100,1000,[0.15 0.75],cuda,float32,0,scaling_train_size,0.019524553790688515,0.019516026601195335,0.019876258489117025,0.00019653384515549988,0.0015650608111172915,0.003160979365929961,0.011989598162472248,0.015664534643292427,2228.8500604839646,22.433092690471597,69.39892578125,2026-04-29T00:52:44+00:00,ae8a5b7,True,geir,Linux-6.8.0-110-generic-x86_64-with-glibc2.39,3.12.8,2.3.1+cu121,NVIDIA TITAN Xp,12.1,8a0c925bc2,
1.5,16,128,[0.15 0.75],MWPotential2014_1D,HamiltonianMappingModel,2,10,SymplecticCouplingLayer,SimpleNNConditioner,5,64,ReLU,True,Adam,ReduceLROnPlateau,min,50,0.9,1e-07,rel,50000,0.001,scaled_H_std,50,100,1000,[0.15 0.75],cuda,float32,0,scaling_train_size,0.019083313643932343,0.01908087730407715,0.019195900554582476,6.150171248009428e-05,0.0009113521664403379,0.002453175140544772,0.0041674403473734856,0.007712265942245722,2094.411438586947,23.87305525495692,70.43017578125,2026-04-29T01:27:39+00:00,715faf9,True,geir,Linux-6.8.0-110-generic-x86_64-with-glibc2.39,3.12.8,2.3.1+cu121,NVIDIA TITAN Xp,12.1,7f5212a8c1,
1.5,8,32,[0.15 0.75],MWPotential2014_1D,HamiltonianMappingModel,2,10,SymplecticCouplingLayer,SimpleNNConditioner,2,64,ReLU,True,Adam,ReduceLROnPlateau,min,50,0.9,1e-07,rel,5000,0.001,scaled_H_std,50,100,1000,[0.15 0.75],cpu,float32,0,scaling_train_size,0.015173228457570076,0.015170169994235039,0.01527683937177062,6.07329020567704e-05,0.0036667799577116966,0.005881769582629204,0.022311504930257797,0.035152871161699295,362.14483028196264,13.806630888827119,,2026-04-29T16:59:23+00:00,715faf9,True,geir,Linux-6.8.0-110-generic-x86_64-with-glibc2.39,3.12.8,2.3.1+cu121,,,1e7632217f,16.0
1.5,8,32,[0.15 0.75],MWPotential2014_1D,HamiltonianMappingModel,2,16,SymplecticCouplingLayer,SimpleNNConditioner,2,64,ReLU,True,Adam,ReduceLROnPlateau,min,50,0.9,1e-07,rel,2000,0.001,scaled_H_std,50,100,1000,[0.15 0.75],cpu,float32,0,scaling_train_size,0.013310366310179234,0.0131003949791193,0.014457715190947056,0.0007527564303018153,0.0038563075941056013,0.005863000173121691,0.024959294125437737,0.031954821199178696,267.79606375901494,7.468369668793062,,2026-04-29T17:06:44+00:00,715faf9,True,geir,Linux-6.8.0-110-generic-x86_64-with-glibc2.39,3.12.8,2.3.1+cu121,,,39dcecf3b2,
1.5,8,128,[0.15 0.75],MWPotential2014_1D,HamiltonianMappingModel,2,16,SymplecticCouplingLayer,SimpleNNConditioner,2,64,ReLU,True,Adam,ReduceLROnPlateau,min,50,0.9,1e-07,rel,2000,0.001,scaled_H_std,50,100,1000,[0.15 0.75],cpu,float32,0,scaling_train_size,0.02201392874121666,0.022008297964930534,0.022180060101673008,8.978838741313666e-05,0.0024002448190003633,0.004335774574428797,0.013690780848264694,0.021409165114164352,2888.0424466059776,0.6925105973945765,,2026-04-29T17:54:54+00:00,715faf9,True,geir,Linux-6.8.0-110-generic-x86_64-with-glibc2.39,3.12.8,2.3.1+cu121,,,d8337cd845,
1.5,8,128,[0.15 0.75],MWPotential2014_1D,HamiltonianMappingModel,2,10,SymplecticCouplingLayer,SimpleNNConditioner,2,64,ReLU,True,Adam,ReduceLROnPlateau,min,50,0.9,1e-07,rel,5000,0.001,scaled_H_std,50,100,1000,[0.15 0.75],cpu,float32,0,scaling_train_size,0.0262136273086071,0.025785472244024277,0.02645188044756651,0.000309652037685737,0.002748694270849228,0.006652561016380787,0.011436128988862038,0.026609383523464203,4209.468654848984,1.187798368385612,,2026-04-29T18:09:34+00:00,715faf9,True,geir,Linux-6.8.0-110-generic-x86_64-with-glibc2.39,3.12.8,2.3.1+cu121,,,0df58eb77a,16.0
1.5,8,512,[0.15 0.75],MWPotential2014_1D,HamiltonianMappingModel,2,16,SymplecticCouplingLayer,SimpleNNConditioner,2,64,ReLU,True,Adam,ReduceLROnPlateau,min,50,0.9,1e-07,rel,2000,0.001,scaled_H_std,50,100,1000,[0.15 0.75],cpu,float32,0,scaling_train_size,0.016071632504463196,0.016071632504463196,0.016605033753439784,0.00023893585603218526,0.0018244055099785328,0.003984921146184206,0.008240235969424248,0.013024954125285149,2358.7800723270047,0.8478959202105444,,2026-04-29T18:34:15+00:00,715faf9,True,geir,Linux-6.8.0-110-generic-x86_64-with-glibc2.39,3.12.8,2.3.1+cu121,,,4cb908d2d6,
1.5,8,512,[0.15 0.75],MWPotential2014_1D,HamiltonianMappingModel,2,10,SymplecticCouplingLayer,SimpleNNConditioner,2,64,ReLU,True,Adam,ReduceLROnPlateau,min,50,0.9,1e-07,rel,5000,0.001,scaled_H_std,50,100,1000,[0.15 0.75],cpu,float32,0,scaling_train_size,0.028684761375188828,0.02860826626420021,0.02908072245493531,0.00024383116397075355,0.003029564395546913,0.00749962916597724,0.011685388162732124,0.027839692309498787,3394.909809713019,1.4727931757405548,,2026-04-29T19:06:11+00:00,715faf9,True,geir,Linux-6.8.0-110-generic-x86_64-with-glibc2.39,3.12.8,2.3.1+cu121,,,72937661eb,16.0
1.5,8,2056,[0.15 0.75],MWPotential2014_1D,HamiltonianMappingModel,2,16,SymplecticCouplingLayer,SimpleNNConditioner,2,64,ReLU,True,Adam,ReduceLROnPlateau,min,50,0.9,1e-07,rel,2000,0.001,scaled_H_std,50,100,1000,[0.15 0.75],cpu,float32,0,scaling_train_size,0.019485870376229286,0.01932666450738907,0.0201683334633708,0.0005003584083169699,0.0022122350055724382,0.003922471310943365,0.008940671570599079,0.012778830714523792,3909.5073211540002,0.5115734121223346,,2026-04-29T19:39:27+00:00,715faf9,True,geir,Linux-6.8.0-110-generic-x86_64-with-glibc2.39,3.12.8,2.3.1+cu121,,,165bd9ac03,
1.5,32,32,[0.15 0.75],MWPotential2014_1D,HamiltonianMappingModel,2,16,SymplecticCouplingLayer,SimpleNNConditioner,2,64,ReLU,True,Adam,ReduceLROnPlateau,min,50,0.9,1e-07,rel,2000,0.001,scaled_H_std,50,100,1000,[0.15 0.75],cpu,float32,0,scaling_train_size,0.09448032081127167,0.0944758951663971,0.09595576032996178,0.000753614294808358,0.004014607984572649,0.00746352132409811,0.035324353724718094,0.05486883968114853,3046.7021023120033,0.6564475071200073,,2026-04-29T20:30:17+00:00,715faf9,True,geir,Linux-6.8.0-110-generic-x86_64-with-glibc2.39,3.12.8,2.3.1+cu121,,,44cc07d5ba,
1.5,8,2056,[0.15 0.75],MWPotential2014_1D,HamiltonianMappingModel,2,10,SymplecticCouplingLayer,SimpleNNConditioner,2,64,ReLU,True,Adam,ReduceLROnPlateau,min,50,0.9,1e-07,rel,5000,0.001,scaled_H_std,50,100,1000,[0.15 0.75],cpu,float32,0,scaling_train_size,0.023650100454688072,0.023551305755972862,0.024143648523837328,0.00029679699218831956,0.0027013905346393585,0.005627901293337345,0.011908892542123795,0.01947019062936306,5340.278086178936,0.9362808301950412,,2026-04-29T20:35:13+00:00,715faf9,True,geir,Linux-6.8.0-110-generic-x86_64-with-glibc2.39,3.12.8,2.3.1+cu121,,,f5fea4b877,16.0
1.5,32,128,[0.15 0.75],MWPotential2014_1D,HamiltonianMappingModel,2,16,SymplecticCouplingLayer,SimpleNNConditioner,2,64,ReLU,True,Adam,ReduceLROnPlateau,min,50,0.9,1e-07,rel,2000,0.001,scaled_H_std,50,100,1000,[0.15 0.75],cpu,float32,0,scaling_train_size,0.08165737986564636,0.08091282844543457,0.08258987665176391,0.0007645289297215641,0.0018270006403326988,0.005068071186542511,0.008502718061208725,0.023117661476135254,1487.319596078014,1.344700900380724,,2026-04-29T20:55:05+00:00,715faf9,True,geir,Linux-6.8.0-110-generic-x86_64-with-glibc2.39,3.12.8,2.3.1+cu121,,,33a387b34a,
1.5,32,512,[0.15 0.75],MWPotential2014_1D,HamiltonianMappingModel,2,16,SymplecticCouplingLayer,SimpleNNConditioner,2,64,ReLU,True,Adam,ReduceLROnPlateau,min,50,0.9,1e-07,rel,2000,0.001,scaled_H_std,50,100,1000,[0.15 0.75],cpu,float32,0,scaling_train_size,0.09274096041917801,0.09274096041917801,0.09493098363280296,0.0010694990633055568,0.0021855318918824196,0.006222334690392017,0.008004375733435154,0.018789853900671005,1824.4074128930224,1.096246367925317,,2026-04-29T21:25:31+00:00,715faf9,True,geir,Linux-6.8.0-110-generic-x86_64-with-glibc2.39,3.12.8,2.3.1+cu121,,,b05a2840b0,
1.5,32,32,[0.15 0.75],MWPotential2014_1D,HamiltonianMappingModel,2,10,SymplecticCouplingLayer,SimpleNNConditioner,2,64,ReLU,True,Adam,ReduceLROnPlateau,min,50,0.9,1e-07,rel,5000,0.001,scaled_H_std,50,100,1000,[0.15 0.75],cpu,float32,0,scaling_train_size,0.06010835990309715,0.059843581169843674,0.06074861232936382,0.000599689083173871,0.0031805653125047684,0.004831770434975624,0.02312314696609974,0.038275331258773804,3211.376749917981,1.5569646258813141,,2026-04-29T21:28:46+00:00,715faf9,True,geir,Linux-6.8.0-110-generic-x86_64-with-glibc2.39,3.12.8,2.3.1+cu121,,,901abbfeb5,16.0
1.5,32,128,[0.15 0.75],MWPotential2014_1D,HamiltonianMappingModel,2,10,SymplecticCouplingLayer,SimpleNNConditioner,2,64,ReLU,True,Adam,ReduceLROnPlateau,min,50,0.9,1e-07,rel,5000,0.001,scaled_H_std,50,100,1000,[0.15 0.75],cpu,float32,0,scaling_train_size,0.09783744066953659,0.0975671112537384,0.09959165501594544,0.0010607962030917406,0.0022062950301915407,0.005233888980001211,0.009559360332787037,0.018453411757946014,2821.809411642025,1.771912723577768,,2026-04-29T22:15:49+00:00,715faf9,True,geir,Linux-6.8.0-110-generic-x86_64-with-glibc2.39,3.12.8,2.3.1+cu121,,,7e76a3d78e,16.0
1.5,32,2056,[0.15 0.75],MWPotential2014_1D,HamiltonianMappingModel,2,16,SymplecticCouplingLayer,SimpleNNConditioner,2,64,ReLU,True,Adam,ReduceLROnPlateau,min,50,0.9,1e-07,rel,2000,0.001,scaled_H_std,50,100,1000,[0.15 0.75],cpu,float32,0,scaling_train_size,0.07660645991563797,0.07564591616392136,0.07672612756490707,0.0008332970319315791,0.0017067862208932638,0.0028658618684858084,0.008008154109120369,0.012280317954719067,5430.664182859007,0.36827907833311974,,2026-04-29T22:56:04+00:00,715faf9,True,geir,Linux-6.8.0-110-generic-x86_64-with-glibc2.39,3.12.8,2.3.1+cu121,,,80413da662,
1.5,32,512,[0.15 0.75],MWPotential2014_1D,HamiltonianMappingModel,2,10,SymplecticCouplingLayer,SimpleNNConditioner,2,64,ReLU,True,Adam,ReduceLROnPlateau,min,50,0.9,1e-07,rel,5000,0.001,scaled_H_std,50,100,1000,[0.15 0.75],cpu,float32,0,scaling_train_size,0.10251779854297638,0.10182889550924301,0.10332275992631912,0.0006454219692386687,0.0023669761139899492,0.0070371730253100395,0.009091312997043133,0.02233029529452324,3752.851919093053,1.3323200882406103,,2026-04-29T23:18:22+00:00,715faf9,True,geir,Linux-6.8.0-110-generic-x86_64-with-glibc2.39,3.12.8,2.3.1+cu121,,,903e19dbab,16.0
1.5,128,32,[0.15 0.75],MWPotential2014_1D,HamiltonianMappingModel,2,16,SymplecticCouplingLayer,SimpleNNConditioner,2,64,ReLU,True,Adam,ReduceLROnPlateau,min,50,0.9,1e-07,rel,2000,0.001,scaled_H_std,50,100,1000,[0.15 0.75],cpu,float32,0,scaling_train_size,0.1937164068222046,0.17607223987579346,0.22063483037054538,0.022341551259160042,0.0027126113418489695,0.008028671145439148,0.024964455515146255,0.03624924272298813,1690.0854556449922,1.1833721148950627,,2026-04-29T23:24:15+00:00,715faf9,True,geir,Linux-6.8.0-110-generic-x86_64-with-glibc2.39,3.12.8,2.3.1+cu121,,,be155ab0c8,
1.5,128,128,[0.15 0.75],MWPotential2014_1D,HamiltonianMappingModel,2,16,SymplecticCouplingLayer,SimpleNNConditioner,2,64,ReLU,True,Adam,ReduceLROnPlateau,min,50,0.9,1e-07,rel,2000,0.001,scaled_H_std,50,100,1000,[0.15 0.75],cpu,float32,0,scaling_train_size,0.26438841223716736,0.2612437903881073,0.2661622984707355,0.003684343071654439,0.0015484989853575826,0.0058418624103069305,0.006737676449120045,0.020728692412376404,2443.156754396041,0.8186130490404856,,2026-04-30T00:05:00+00:00,715faf9,True,geir,Linux-6.8.0-110-generic-x86_64-with-glibc2.39,3.12.8,2.3.1+cu121,,,edaea4cbf5,
1.5,128,512,[0.15 0.75],MWPotential2014_1D,HamiltonianMappingModel,2,16,SymplecticCouplingLayer,SimpleNNConditioner,2,64,ReLU,True,Adam,ReduceLROnPlateau,min,50,0.9,1e-07,rel,2000,0.001,scaled_H_std,50,100,1000,[0.15 0.75],cpu,float32,0,scaling_train_size,0.42489105463027954,0.4178633391857147,0.42715740874409674,0.0046117533929646015,0.0025117304176092148,0.009732923470437527,0.009911922737956047,0.022709473967552185,5685.621845075977,0.3517645130993185,,2026-04-30T01:39:47+00:00,715faf9,True,geir,Linux-6.8.0-110-generic-x86_64-with-glibc2.39,3.12.8,2.3.1+cu121,,,d028758474,
1.5,32,2056,[0.15 0.75],MWPotential2014_1D,HamiltonianMappingModel,2,10,SymplecticCouplingLayer,SimpleNNConditioner,2,64,ReLU,True,Adam,ReduceLROnPlateau,min,50,0.9,1e-07,rel,5000,0.001,scaled_H_std,50,100,1000,[0.15 0.75],cpu,float32,0,scaling_train_size,0.09788501262664795,0.09756715595722198,0.098940801769495,0.000707681174390018,0.0022027166560292244,0.006514858454465866,0.010763830505311489,0.01986820623278618,9105.720930896001,0.5491053413502758,,2026-04-30T01:50:09+00:00,715faf9,True,geir,Linux-6.8.0-110-generic-x86_64-with-glibc2.39,3.12.8,2.3.1+cu121,,,8f7052a4f4,16.0
1.5,128,32,[0.15 0.75],MWPotential2014_1D,HamiltonianMappingModel,2,10,SymplecticCouplingLayer,SimpleNNConditioner,2,64,ReLU,True,Adam,ReduceLROnPlateau,min,50,0.9,1e-07,rel,5000,0.001,scaled_H_std,50,100,1000,[0.15 0.75],cpu,float32,0,scaling_train_size,0.30947157740592957,0.3082868158817291,0.3176099584698677,0.005218702834099531,0.003144868416711688,0.009012322872877121,0.01877194084227085,0.03799711912870407,1536.6743045049952,3.2537799228774356,,2026-04-30T02:15:47+00:00,715faf9,True,geir,Linux-6.8.0-110-generic-x86_64-with-glibc2.39,3.12.8,2.3.1+cu121,,,060312f96a,16.0
1.5,128,128,[0.15 0.75],MWPotential2014_1D,HamiltonianMappingModel,2,10,SymplecticCouplingLayer,SimpleNNConditioner,2,64,ReLU,True,Adam,ReduceLROnPlateau,min,50,0.9,1e-07,rel,5000,0.001,scaled_H_std,50,100,1000,[0.15 0.75],cpu,float32,0,scaling_train_size,0.34674903750419617,0.3461776375770569,0.3497100700736046,0.001964690163731575,0.0020458465442061424,0.007597498595714569,0.009093443863093853,0.019657770171761513,2120.0218259679386,2.358466284995509,,2026-04-30T02:51:07+00:00,715faf9,True,geir,Linux-6.8.0-110-generic-x86_64-with-glibc2.39,3.12.8,2.3.1+cu121,,,49057a16d4,16.0
1.5,128,2056,[0.15 0.75],MWPotential2014_1D,HamiltonianMappingModel,2,16,SymplecticCouplingLayer,SimpleNNConditioner,2,64,ReLU,True,Adam,ReduceLROnPlateau,min,50,0.9,1e-07,rel,2000,0.001,scaled_H_std,50,100,1000,[0.15 0.75],cpu,float32,0,scaling_train_size,0.4212079644203186,0.4206157326698303,0.43225755646824837,0.0065001132898032665,0.002368147484958172,0.0073850806802511215,0.011606927029788494,0.0327586755156517,8016.967283603037,0.24947089457263535,,2026-04-30T03:53:27+00:00,715faf9,True,geir,Linux-6.8.0-110-generic-x86_64-with-glibc2.39,3.12.8,2.3.1+cu121,,,d93081f030,
1.5,128,512,[0.15 0.75],MWPotential2014_1D,HamiltonianMappingModel,2,10,SymplecticCouplingLayer,SimpleNNConditioner,2,64,ReLU,True,Adam,ReduceLROnPlateau,min,50,0.9,1e-07,rel,5000,0.001,scaled_H_std,50,100,1000,[0.15 0.75],cpu,float32,0,scaling_train_size,0.3985626697540283,0.3976752758026123,0.4037473127245903,0.003240186721086502,0.002406943589448929,0.008175074122846127,0.0087441336363554,0.025480736047029495,4897.137098412961,1.0210047012203058,,2026-04-30T04:12:46+00:00,715faf9,True,geir,Linux-6.8.0-110-generic-x86_64-with-glibc2.39,3.12.8,2.3.1+cu121,,,fd3e999e80,16.0
1.5,512,32,[0.15 0.75],MWPotential2014_1D,HamiltonianMappingModel,2,16,SymplecticCouplingLayer,SimpleNNConditioner,2,64,ReLU,True,Adam,ReduceLROnPlateau,min,50,0.9,1e-07,rel,2000,0.001,scaled_H_std,50,100,1000,[0.15 0.75],cpu,float32,0,scaling_train_size,0.652940571308136,0.6363965272903442,0.7065572735667228,0.047192491590976715,0.00339000066742301,0.00637936731800437,0.027553079649806023,0.04169449582695961,1744.7012944590533,1.1463280312519641,,2026-04-30T04:22:32+00:00,715faf9,True,geir,Linux-6.8.0-110-generic-x86_64-with-glibc2.39,3.12.8,2.3.1+cu121,,,ac7299d6dc,
1.5,512,128,[0.15 0.75],MWPotential2014_1D,HamiltonianMappingModel,2,16,SymplecticCouplingLayer,SimpleNNConditioner,2,64,ReLU,True,Adam,ReduceLROnPlateau,min,50,0.9,1e-07,rel,2000,0.001,scaled_H_std,50,100,1000,[0.15 0.75],cpu,float32,0,scaling_train_size,1.2948284149169922,1.2882035970687866,1.3130133497714995,0.012106523849070072,0.0018678799970075488,0.007448829244822264,0.008644161745905876,0.028412584215402603,2355.873289123061,0.8489420926133384,,2026-04-30T05:01:49+00:00,715faf9,True,geir,Linux-6.8.0-110-generic-x86_64-with-glibc2.39,3.12.8,2.3.1+cu121,,,e2a0464338,
1.5,512,512,[0.15 0.75],MWPotential2014_1D,HamiltonianMappingModel,2,16,SymplecticCouplingLayer,SimpleNNConditioner,2,64,ReLU,True,Adam,ReduceLROnPlateau,min,50,0.9,1e-07,rel,2000,0.001,scaled_H_std,50,100,1000,[0.15 0.75],cpu,float32,0,scaling_train_size,1.0856285095214844,1.0856285095214844,1.1191200578212739,0.01981060579419136,0.0016253386856988072,0.0070182993076741695,0.0066247060894966125,0.024586722254753113,6376.243001844967,0.3136643317108993,,2026-04-30T06:48:06+00:00,715faf9,True,geir,Linux-6.8.0-110-generic-x86_64-with-glibc2.39,3.12.8,2.3.1+cu121,,,39115fbe6c,
1.5,128,2056,[0.15 0.75],MWPotential2014_1D,HamiltonianMappingModel,2,10,SymplecticCouplingLayer,SimpleNNConditioner,2,64,ReLU,True,Adam,ReduceLROnPlateau,min,50,0.9,1e-07,rel,5000,0.001,scaled_H_std,50,100,1000,[0.15 0.75],cpu,float32,0,scaling_train_size,0.4595765471458435,0.45772677659988403,0.4681994985938072,0.005773209035396576,0.0027604398783296347,0.01216021366417408,0.01142213772982359,0.025860704481601715,11179.003085491946,0.4472670739745098,,2026-04-30T07:19:06+00:00,715faf9,True,geir,Linux-6.8.0-110-generic-x86_64-with-glibc2.39,3.12.8,2.3.1+cu121,,,576b6bba4d,16.0
1.5,512,32,[0.15 0.75],MWPotential2014_1D,HamiltonianMappingModel,2,10,SymplecticCouplingLayer,SimpleNNConditioner,2,64,ReLU,True,Adam,ReduceLROnPlateau,min,50,0.9,1e-07,rel,5000,0.001,scaled_H_std,50,100,1000,[0.15 0.75],cpu,float32,0,scaling_train_size,0.8138195276260376,0.8133770227432251,0.8388957567214966,0.013550758361816406,0.0030010277405381203,0.006168583873659372,0.019700858741998672,0.03083532117307186,223.5661457789829,22.364745711289363,,2026-04-30T07:22:50+00:00,715faf9,True,geir,Linux-6.8.0-110-generic-x86_64-with-glibc2.39,3.12.8,2.3.1+cu121,,,de3f36156e,16.0
1.5,512,128,[0.15 0.75],MWPotential2014_1D,HamiltonianMappingModel,2,10,SymplecticCouplingLayer,SimpleNNConditioner,2,64,ReLU,True,Adam,ReduceLROnPlateau,min,50,0.9,1e-07,rel,5000,0.001,scaled_H_std,50,100,1000,[0.15 0.75],cpu,float32,0,scaling_train_size,1.5644770860671997,1.5604383945465088,1.586457730770111,0.014472812414169312,0.0023009830620139837,0.006493758410215378,0.009897265583276749,0.019131992012262344,469.2430400189478,10.655459055499476,,2026-04-30T07:30:39+00:00,715faf9,True,geir,Linux-6.8.0-110-generic-x86_64-with-glibc2.39,3.12.8,2.3.1+cu121,,,7b2c5c7470,16.0
1.5,512,512,[0.15 0.75],MWPotential2014_1D,HamiltonianMappingModel,2,10,SymplecticCouplingLayer,SimpleNNConditioner,2,64,ReLU,True,Adam,ReduceLROnPlateau,min,50,0.9,1e-07,rel,5000,0.001,scaled_H_std,50,100,1000,[0.15 0.75],cpu,float32,0,scaling_train_size,2.186094045639038,2.186094045639038,2.2527905197143556,0.03406725451350212,0.003306714817881584,0.015017809346318245,0.013608023524284363,0.03642894700169563,4263.170190331992,1.1728361235352482,,2026-04-30T08:41:42+00:00,715faf9,True,geir,Linux-6.8.0-110-generic-x86_64-with-glibc2.39,3.12.8,2.3.1+cu121,,,2a47edcaab,16.0
1.5,512,2056,[0.15 0.75],MWPotential2014_1D,HamiltonianMappingModel,2,16,SymplecticCouplingLayer,SimpleNNConditioner,2,64,ReLU,True,Adam,ReduceLROnPlateau,min,50,0.9,1e-07,rel,2000,0.001,scaled_H_std,50,100,1000,[0.15 0.75],cpu,float32,0,scaling_train_size,1.2261070013046265,1.2261070013046265,1.2642962217330933,0.022508841007947922,0.0017996456008404493,0.0063909911550581455,0.007610709872096777,0.025912346318364143,8692.957222972997,0.23007130355071492,,2026-04-30T09:13:00+00:00,715faf9,True,geir,Linux-6.8.0-110-generic-x86_64-with-glibc2.39,3.12.8,2.3.1+cu121,,,04b2bd2161,
1.5,512,2056,"[0.15, 0.75]",MWPotential2014_1D,HamiltonianMappingModel,2,10,SymplecticCouplingLayer,SimpleNNConditioner,2,64,ReLU,True,Adam,ReduceLROnPlateau,min,50,0.9,1e-07,rel,5000,0.001,scaled_H_std,50,100,1000,"[0.15, 0.75]",cpu,float32,0,scaling_train_size,1.7413198947906494,1.7383577823638916,1.7721525797843933,0.018569888547062874,0.0026474022306501865,0.01098240353167057,0.01009306963533163,0.024128396064043045,13620.76821823907,0.36708649026893236,,2026-04-30T12:28:44+00:00,715faf9,True,geir,Linux-6.8.0-110-generic-x86_64-with-glibc2.39,3.12.8,2.3.1+cu121,,,34ff959433,16.0
